{
  "next.config.ts": 1776186422.9050007,
  "next-env.d.ts": 1776206930.5636325,
  "app/page.tsx": 1776204132.305133,
  "app/layout.tsx": 1776186503.01414,
  "app/blog/page.tsx": 1776187143.2082405,
  "app/blog/[slug]/page.tsx": 1776187150.473162,
  "app/api/contact/route.ts": 1776204127.6801815,
  "lib/blog.ts": 1776187092.0657926,
  "lib/utils.ts": 1776186372.4805422,
  "content/publications.ts": 1776186684.862183,
  "content/projects.ts": 1776186677.6412609,
  "content/skills.ts": 1776186694.1760828,
  "content/experience.ts": 1776186689.7361307,
  "components/sections/Hero.tsx": 1776206758.9081233,
  "components/sections/Experience.tsx": 1776186954.6142757,
  "components/sections/BlogSection.tsx": 1776187160.8860495,
  "components/sections/Skills.tsx": 1776186835.7145576,
  "components/sections/About.tsx": 1776207122.651453,
  "components/sections/Contact.tsx": 1776204186.3155684,
  "components/sections/Projects.tsx": 1776186943.7763925,
  "components/sections/Publications.tsx": 1776186964.8011656,
  "components/ui/GradientText.tsx": 1776186376.4534996,
  "components/ui/SectionWrapper.tsx": 1776186379.945462,
  "components/ui/Navbar.tsx": 1776186488.0963004,
  "components/ui/GlassCard.tsx": 1776186375.1365137,
  "components/ui/Footer.tsx": 1776186589.5872087,
  "AGENTS.md": 1776186105.3724022,
  "GUIDE.md": 1776205079.2180183,
  "README.md": 1776186093.6244123,
  "CLAUDE.md": 1776186105.3724022,
  "public/globe.svg": 1776186093.6245987,
  "public/vercel.svg": 1776186093.624833,
  "public/next.svg": 1776186093.6248176,
  "public/window.svg": 1776186093.6248176,
  "public/file.svg": 1776186093.6244123,
  "public/images/profile.jpg": 1776206865.2680807
}